Query filename,Suite,Query name,Query ID,Kind,Severity,Precision,Tags
ql\cpp\ql\src\Critical\NewFreeMismatch.ql,code-scanning,Mismatching new/free or malloc/delete,cpp/new-free-mismatch,problem,warning,high,reliability security external/cwe/cwe-401
ql\cpp\ql\src\Likely Bugs\Arithmetic\BadAdditionOverflowCheck.ql,code-scanning,Bad check for overflow of integer addition,cpp/bad-addition-overflow-check,problem,error,very-high,reliability correctness security external/cwe/cwe-190 external/cwe/cwe-192
ql\cpp\ql\src\Likely Bugs\Arithmetic\IntMultToLong.ql,code-scanning,Multiplication result converted to larger type,cpp/integer-multiplication-cast-to-long,problem,warning,high,reliability security correctness types external/cwe/cwe-190 external/cwe/cwe-192 external/cwe/cwe-197 external/cwe/cwe-681
ql\cpp\ql\src\Likely Bugs\Arithmetic\SignedOverflowCheck.ql,code-scanning,Signed overflow check,cpp/signed-overflow-check,problem,warning,high,correctness security
ql\cpp\ql\src\Likely Bugs\Conversion\CastArrayPointerArithmetic.ql,code-scanning,Upcast array used in pointer arithmetic,cpp/upcast-array-pointer-arithmetic,path-problem,warning,high,correctness reliability security external/cwe/cwe-119 external/cwe/cwe-843
ql\cpp\ql\src\Likely Bugs\Format\SnprintfOverflow.ql,code-scanning,Potentially overflowing call to snprintf,cpp/overflowing-snprintf,problem,warning,high,reliability correctness security
ql\cpp\ql\src\Likely Bugs\Format\WrongNumberOfFormatArguments.ql,code-scanning,Too few arguments to formatting function,cpp/wrong-number-format-arguments,problem,error,high,reliability correctness security external/cwe/cwe-685
ql\cpp\ql\src\Likely Bugs\Format\WrongTypeFormatArguments.ql,code-scanning,Wrong type of arguments to formatting function,cpp/wrong-type-format-argument,problem,error,high,reliability correctness security external/cwe/cwe-686
ql\cpp\ql\src\Likely Bugs\Memory Management\AllocaInLoop.ql,code-scanning,Call to alloca in a loop,cpp/alloca-in-loop,problem,warning,high,reliability correctness security external/cwe/cwe-770
ql\cpp\ql\src\Likely Bugs\Memory Management\PointerOverflow.ql,code-scanning,Pointer overflow check,cpp/pointer-overflow-check,problem,error,high,reliability security
ql\cpp\ql\src\Likely Bugs\Underspecified Functions\TooFewArguments.ql,code-scanning,Call to function with fewer arguments than declared parameters,cpp/too-few-arguments,problem,error,very-high,correctness maintainability security
ql\cpp\ql\src\Security\CWE\CWE-079\CgiXss.ql,code-scanning,CGI script vulnerable to cross-site scripting,cpp/cgi-xss,path-problem,error,high,security external/cwe/cwe-079
ql\cpp\ql\src\Security\CWE\CWE-089\SqlTainted.ql,code-scanning,Uncontrolled data in SQL query,cpp/sql-injection,path-problem,error,high,security external/cwe/cwe-089
ql\cpp\ql\src\Security\CWE\CWE-120\BadlyBoundedWrite.ql,code-scanning,Badly bounded write,cpp/badly-bounded-write,problem,error,high,reliability security external/cwe/cwe-120 external/cwe/cwe-787 external/cwe/cwe-805
ql\cpp\ql\src\Security\CWE\CWE-131\NoSpaceForZeroTerminator.ql,code-scanning,No space for zero terminator,cpp/no-space-for-terminator,problem,error,high,reliability security external/cwe/cwe-131 external/cwe/cwe-120 external/cwe/cwe-122
ql\cpp\ql\src\Security\CWE\CWE-134\UncontrolledFormatString.ql,code-scanning,Uncontrolled format string,cpp/tainted-format-string,path-problem,warning,high,reliability security external/cwe/cwe-134
ql\cpp\ql\src\Security\CWE\CWE-134\UncontrolledFormatStringThroughGlobalVar.ql,code-scanning,Uncontrolled format string (through global variable),cpp/tainted-format-string-through-global,path-problem,warning,high,reliability security external/cwe/cwe-134
ql\cpp\ql\src\Security\CWE\CWE-190\ComparisonWithWiderType.ql,code-scanning,Comparison of narrow type with wide type in loop condition,cpp/comparison-with-wider-type,problem,warning,high,reliability security external/cwe/cwe-190 external/cwe/cwe-197 external/cwe/cwe-835
ql\cpp\ql\src\Security\CWE\CWE-190\TaintedAllocationSize.ql,code-scanning,Overflow in uncontrolled allocation size,cpp/uncontrolled-allocation-size,path-problem,error,high,reliability security external/cwe/cwe-190
ql\cpp\ql\src\Security\CWE\CWE-253\HResultBooleanConversion.ql,code-scanning,Cast between HRESULT and a Boolean type,cpp/hresult-boolean-conversion,problem,error,high,security external/cwe/cwe-253 external/microsoft/C6214 external/microsoft/C6215 external/microsoft/C6216 external/microsoft/C6217 external/microsoft/C6230
ql\cpp\ql\src\Security\CWE\CWE-327\OpenSslHeartbleed.ql,code-scanning,Use of a version of OpenSSL with Heartbleed,cpp/openssl-heartbleed,problem,error,very-high,security external/cwe/cwe-327 external/cwe/cwe-788
ql\cpp\ql\src\Security\CWE\CWE-468\SuspiciousAddWithSizeof.ql,code-scanning,Suspicious add with sizeof,cpp/suspicious-add-sizeof,problem,warning,high,security external/cwe/cwe-468
ql\cpp\ql\src\Security\CWE\CWE-676\DangerousFunctionOverflow.ql,code-scanning,Use of dangerous function,cpp/dangerous-function-overflow,problem,error,very-high,reliability security external/cwe/cwe-242
ql\cpp\ql\src\Security\CWE\CWE-676\DangerousUseOfCin.ql,code-scanning,Dangerous use of 'cin',cpp/dangerous-cin,problem,error,high,reliability security external/cwe/cwe-676
ql\cpp\ql\src\Security\CWE\CWE-676\PotentiallyDangerousFunction.ql,code-scanning,Use of potentially dangerous function,cpp/potentially-dangerous-function,problem,warning,high,reliability security external/cwe/cwe-676
ql\cpp\ql\src\Security\CWE\CWE-704\WcharCharConversion.ql,code-scanning,Cast from char* to wchar_t*,cpp/incorrect-string-type-conversion,problem,error,high,security external/cwe/cwe-704 external/microsoft/c/c6276
ql\cpp\ql\src\Security\CWE\CWE-732\UnsafeDaclSecurityDescriptor.ql,code-scanning,Setting a DACL to NULL in a SECURITY_DESCRIPTOR,cpp/unsafe-dacl-security-descriptor,problem,error,high,security external/cwe/cwe-732 external/microsoft/C6248
ql\cpp\ql\src\Best Practices\BlockWithTooManyStatements.ql,security-and-quality,Block with too many statements,cpp/complex-block,problem,recommendation,high,testability readability maintainability
ql\cpp\ql\src\Best Practices\ComplexCondition.ql,security-and-quality,Complex condition,cpp/complex-condition,problem,recommendation,high,testability readability maintainability statistical non-attributable
ql\cpp\ql\src\Best Practices\Exceptions\AccidentalRethrow.ql,security-and-quality,Accidental rethrow,cpp/rethrow-no-exception,problem,warning,high,reliability correctness exceptions
ql\cpp\ql\src\Best Practices\Exceptions\CatchingByValue.ql,security-and-quality,Catching by value,cpp/catch-by-value,problem,warning,very-high,efficiency correctness exceptions
ql\cpp\ql\src\Best Practices\Exceptions\LeakyCatch.ql,security-and-quality,Leaky catch,cpp/catch-missing-free,problem,warning,high,efficiency correctness exceptions external/cwe/cwe-401
ql\cpp\ql\src\Best Practices\Exceptions\ThrowingPointers.ql,security-and-quality,Throwing pointers,cpp/throwing-pointer,problem,warning,high,efficiency correctness exceptions
ql\cpp\ql\src\Best Practices\Hiding\DeclarationHidesParameter.ql,security-and-quality,Declaration hides parameter,cpp/declaration-hides-parameter,problem,recommendation,very-high,maintainability readability
ql\cpp\ql\src\Best Practices\Hiding\DeclarationHidesVariable.ql,security-and-quality,Declaration hides variable,cpp/declaration-hides-variable,problem,recommendation,high,maintainability readability
ql\cpp\ql\src\Best Practices\Hiding\LocalVariableHidesGlobalVariable.ql,security-and-quality,Local variable hides global variable,cpp/local-variable-hides-global-variable,problem,warning,very-high,maintainability readability
ql\cpp\ql\src\Best Practices\Likely Errors\EmptyBlock.ql,security-and-quality,Empty branch of conditional,cpp/empty-block,problem,recommendation,very-high,reliability readability
ql\cpp\ql\src\Best Practices\Likely Errors\Slicing.ql,security-and-quality,Slicing,cpp/slicing,problem,warning,high,reliability correctness types
ql\cpp\ql\src\Best Practices\RuleOfTwo.ql,security-and-quality,Inconsistent definition of copy constructor and assignment ('Rule of Two'),cpp/rule-of-two,problem,warning,high,reliability readability language-features
ql\cpp\ql\src\Best Practices\SloppyGlobal.ql,security-and-quality,Short global name,cpp/short-global-name,problem,recommendation,very-high,maintainability
ql\cpp\ql\src\Best Practices\SwitchLongCase.ql,security-and-quality,Long switch case,cpp/long-switch,problem,recommendation,high,maintainability readability
ql\cpp\ql\src\Best Practices\Unused Entities\UnusedLocals.ql,security-and-quality,Unused local variable,cpp/unused-local-variable,problem,recommendation,high,maintainability useless-code external/cwe/cwe-563
ql\cpp\ql\src\Best Practices\Unused Entities\UnusedStaticFunctions.ql,security-and-quality,Unused static function,cpp/unused-static-function,problem,recommendation,high,efficiency useless-code external/cwe/cwe-561
ql\cpp\ql\src\Best Practices\Unused Entities\UnusedStaticVariables.ql,security-and-quality,Unused static variable,cpp/unused-static-variable,problem,recommendation,high,efficiency useless-code external/cwe/cwe-563
ql\cpp\ql\src\Best Practices\UseOfGoto.ql,security-and-quality,Use of goto,cpp/use-of-goto,problem,warning,high,maintainability readability language-features
ql\cpp\ql\src\Critical\DeadCodeGoto.ql,security-and-quality,Dead code due to goto or break statement,cpp/dead-code-goto,problem,warning,high,maintainability external/cwe/cwe-561
ql\cpp\ql\src\Critical\LargeParameter.ql,security-and-quality,Large object passed by value,cpp/large-parameter,problem,recommendation,very-high,efficiency readability statistical non-attributable
ql\cpp\ql\src\Critical\NewArrayDeleteMismatch.ql,security-and-quality,'new[]' array freed with 'delete',cpp/new-array-delete-mismatch,problem,warning,high,reliability
ql\cpp\ql\src\Critical\NewDeleteArrayMismatch.ql,security-and-quality,'new' object freed with 'delete[]',cpp/new-delete-array-mismatch,problem,warning,high,reliability
ql\cpp\ql\src\Critical\NewFreeMismatch.ql,security-and-quality,Mismatching new/free or malloc/delete,cpp/new-free-mismatch,problem,warning,high,reliability security external/cwe/cwe-401
ql\cpp\ql\src\Documentation\CommentedOutCode.ql,security-and-quality,Commented-out code,cpp/commented-out-code,problem,recommendation,high,maintainability documentation
ql\cpp\ql\src\Documentation\FixmeComments.ql,security-and-quality,FIXME comment,cpp/fixme-comment,problem,recommendation,very-high,maintainability documentation external/cwe/cwe-546
ql\cpp\ql\src\Header Cleanup\Cleanup-DuplicateIncludeGuard.ql,security-and-quality,Duplicate include guard,cpp/duplicate-include-guard,problem,error,high,reliability maintainability modularity
ql\cpp\ql\src\jsf\4.06 Pre-Processing Directives\AV Rule 32.ql,security-and-quality,Include header files only,cpp/include-non-header,problem,recommendation,high,maintainability modularity readability external/jsf
ql\cpp\ql\src\jsf\4.07 Header Files\AV Rule 35.ql,security-and-quality,Missing header guard,cpp/missing-header-guard,problem,warning,high,efficiency maintainability modularity external/jsf
ql\cpp\ql\src\jsf\4.10 Classes\AV Rule 71.1.ql,security-and-quality,Virtual call from constructor or destructor,cpp/virtual-call-in-constructor,problem,warning,high,reliability readability language-features external/jsf
ql\cpp\ql\src\jsf\4.10 Classes\AV Rule 79.ql,security-and-quality,Resource not released in destructor,cpp/resource-not-released-in-destructor,problem,warning,high,efficiency readability external/cwe/cwe-404 external/jsf
ql\cpp\ql\src\jsf\4.10 Classes\AV Rule 82.ql,security-and-quality,Overloaded assignment does not return 'this',cpp/assignment-does-not-return-this,problem,warning,high,reliability readability language-features external/jsf
ql\cpp\ql\src\jsf\4.10 Classes\AV Rule 88.ql,security-and-quality,Undisciplined multiple inheritance,cpp/undisciplined-multiple-inheritance,problem,recommendation,high,maintainability readability external/jsf
ql\cpp\ql\src\jsf\4.10 Classes\AV Rule 89.ql,security-and-quality,Inconsistent virtual inheritance,cpp/inconsistent-virtual-inheritance,problem,error,high,maintainability readability external/jsf
ql\cpp\ql\src\jsf\4.10 Classes\AV Rule 95.ql,security-and-quality,Redefined default parameter,cpp/redefined-default-parameter,problem,error,high,maintainability readability external/jsf
ql\cpp\ql\src\jsf\4.10 Classes\AV Rule 97.ql,security-and-quality,No raw arrays in interfaces,cpp/array-in-interface,problem,recommendation,high,reliability readability language-features external/jsf
ql\cpp\ql\src\jsf\4.13 Functions\AV Rule 107.ql,security-and-quality,Function declared in block,cpp/function-in-block,problem,recommendation,very-high,maintainability readability external/jsf
ql\cpp\ql\src\jsf\4.13 Functions\AV Rule 114.ql,security-and-quality,Missing return statement,cpp/missing-return,problem,error,high,reliability readability language-features external/jsf
ql\cpp\ql\src\jsf\4.16 Initialization\AV Rule 145.ql,security-and-quality,Irregular enum initialization,cpp/irregular-enum-init,problem,recommendation,high,reliability readability language-features external/jsf
ql\cpp\ql\src\jsf\4.21 Operators\AV Rule 166.ql,security-and-quality,Sizeof with side effects,cpp/sizeof-side-effect,problem,recommendation,high,reliability correctness external/jsf
ql\cpp\ql\src\jsf\4.24 Control Flow Structures\AV Rule 196.ql,security-and-quality,No trivial switch statements,cpp/trivial-switch,problem,recommendation,high,maintainability readability external/jsf
ql\cpp\ql\src\jsf\4.24 Control Flow Structures\AV Rule 197.ql,security-and-quality,Avoid floats in for loops,cpp/loop-variable-float,problem,recommendation,high,correctness reliability external/jsf
ql\cpp\ql\src\jsf\4.24 Control Flow Structures\AV Rule 201.ql,security-and-quality,For loop variable changed in body,cpp/loop-variable-changed,problem,recommendation,high,reliability readability external/jsf
ql\cpp\ql\src\Likely Bugs\AmbiguouslySignedBitField.ql,security-and-quality,Ambiguously signed bit-field member,cpp/ambiguously-signed-bit-field,problem,warning,high,reliability readability language-features external/cwe/cwe-190
ql\cpp\ql\src\Likely Bugs\Arithmetic\BadAdditionOverflowCheck.ql,security-and-quality,Bad check for overflow of integer addition,cpp/bad-addition-overflow-check,problem,error,very-high,reliability correctness security external/cwe/cwe-190 external/cwe/cwe-192
ql\cpp\ql\src\Likely Bugs\Arithmetic\BitwiseSignCheck.ql,security-and-quality,Sign check of bitwise operation,cpp/bitwise-sign-check,problem,warning,high,reliability correctness
ql\cpp\ql\src\Likely Bugs\Arithmetic\ComparisonPrecedence.ql,security-and-quality,Unclear comparison precedence,cpp/comparison-precedence,problem,warning,very-high,maintainability readability
ql\cpp\ql\src\Likely Bugs\Arithmetic\FloatComparison.ql,security-and-quality,Equality test on floating-point values,cpp/equality-on-floats,problem,recommendation,high,reliability correctness
ql\cpp\ql\src\Likely Bugs\Arithmetic\IntMultToLong.ql,security-and-quality,Multiplication result converted to larger type,cpp/integer-multiplication-cast-to-long,problem,warning,high,reliability security correctness types external/cwe/cwe-190 external/cwe/cwe-192 external/cwe/cwe-197 external/cwe/cwe-681
ql\cpp\ql\src\Likely Bugs\Arithmetic\PointlessComparison.ql,security-and-quality,Comparison result is always the same,cpp/constant-comparison,problem,warning,high,maintainability readability
ql\cpp\ql\src\Likely Bugs\Arithmetic\PointlessSelfComparison.ql,security-and-quality,Self comparison,cpp/comparison-of-identical-expressions,problem,warning,high,readability maintainability
ql\cpp\ql\src\Likely Bugs\Arithmetic\SignedOverflowCheck.ql,security-and-quality,Signed overflow check,cpp/signed-overflow-check,problem,warning,high,correctness security
ql\cpp\ql\src\Likely Bugs\Arithmetic\UnsignedGEZero.ql,security-and-quality,Unsigned comparison to zero,cpp/unsigned-comparison-zero,problem,warning,very-high,maintainability readability
ql\cpp\ql\src\Likely Bugs\ContinueInFalseLoop.ql,security-and-quality,Continue statement that does not continue,cpp/continue-in-false-loop,problem,warning,high,correctness
ql\cpp\ql\src\Likely Bugs\Conversion\ArrayArgSizeMismatch.ql,security-and-quality,Array argument size mismatch,cpp/array-arg-size-mismatch,problem,warning,high,reliability
ql\cpp\ql\src\Likely Bugs\Conversion\CastArrayPointerArithmetic.ql,security-and-quality,Upcast array used in pointer arithmetic,cpp/upcast-array-pointer-arithmetic,path-problem,warning,high,correctness reliability security external/cwe/cwe-119 external/cwe/cwe-843
ql\cpp\ql\src\Likely Bugs\Conversion\ImplicitDowncastFromBitfield.ql,security-and-quality,Implicit downcast from bitfield,cpp/implicit-bitfield-downcast,problem,warning,high,reliability correctness types
ql\cpp\ql\src\Likely Bugs\Conversion\LossyPointerCast.ql,security-and-quality,Lossy pointer cast,cpp/lossy-pointer-cast,problem,warning,high,reliability correctness types
ql\cpp\ql\src\Likely Bugs\Format\NonConstantFormat.ql,security-and-quality,Non-constant format string,cpp/non-constant-format,problem,recommendation,high,maintainability correctness security external/cwe/cwe-134
ql\cpp\ql\src\Likely Bugs\Format\SnprintfOverflow.ql,security-and-quality,Potentially overflowing call to snprintf,cpp/overflowing-snprintf,problem,warning,high,reliability correctness security
ql\cpp\ql\src\Likely Bugs\Format\TooManyFormatArguments.ql,security-and-quality,Too many arguments to formatting function,cpp/too-many-format-arguments,problem,recommendation,high,reliability correctness
ql\cpp\ql\src\Likely Bugs\Format\WrongNumberOfFormatArguments.ql,security-and-quality,Too few arguments to formatting function,cpp/wrong-number-format-arguments,problem,error,high,reliability correctness security external/cwe/cwe-685
ql\cpp\ql\src\Likely Bugs\Format\WrongTypeFormatArguments.ql,security-and-quality,Wrong type of arguments to formatting function,cpp/wrong-type-format-argument,problem,error,high,reliability correctness security external/cwe/cwe-686
ql\cpp\ql\src\Likely Bugs\Likely Typos\AssignWhereCompareMeant.ql,security-and-quality,Assignment where comparison was intended,cpp/assign-where-compare-meant,problem,error,high,reliability correctness external/cwe/cwe-481
ql\cpp\ql\src\Likely Bugs\Likely Typos\CompareWhereAssignMeant.ql,security-and-quality,Comparison where assignment was intended,cpp/compare-where-assign-meant,problem,error,high,reliability correctness external/cwe/cwe-482
ql\cpp\ql\src\Likely Bugs\Likely Typos\DubiousNullCheck.ql,security-and-quality,Dubious NULL check,cpp/dubious-null-check,problem,warning,very-high,reliability readability
ql\cpp\ql\src\Likely Bugs\Likely Typos\ExprHasNoEffect.ql,security-and-quality,Expression has no effect,cpp/useless-expression,problem,warning,high,maintainability correctness external/cwe/cwe-561
ql\cpp\ql\src\Likely Bugs\Likely Typos\FutileConditional.ql,security-and-quality,Futile conditional,cpp/empty-if,problem,recommendation,high,reliability readability
ql\cpp\ql\src\Likely Bugs\Likely Typos\inconsistentLoopDirection.ql,security-and-quality,Inconsistent direction of for loop,cpp/inconsistent-loop-direction,problem,error,high,correctness external/cwe/cwe-835 external/microsoft/6293
ql\cpp\ql\src\Likely Bugs\Likely Typos\ShortCircuitBitMask.ql,security-and-quality,Short-circuiting operator applied to flag,cpp/logical-operator-applied-to-flag,problem,warning,high,reliability correctness external/cwe/cwe-480
ql\cpp\ql\src\Likely Bugs\Likely Typos\UsingStrcpyAsBoolean.ql,security-and-quality,Use of string copy function in a condition,cpp/string-copy-return-value-as-boolean,problem,error,high,external/microsoft/C6324 correctness
ql\cpp\ql\src\Likely Bugs\Memory Management\AllocaInLoop.ql,security-and-quality,Call to alloca in a loop,cpp/alloca-in-loop,problem,warning,high,reliability correctness security external/cwe/cwe-770
ql\cpp\ql\src\Likely Bugs\Memory Management\PointerOverflow.ql,security-and-quality,Pointer overflow check,cpp/pointer-overflow-check,problem,error,high,reliability security
ql\cpp\ql\src\Likely Bugs\Memory Management\ReturnCstrOfLocalStdString.ql,security-and-quality,Return c_str of local std::string,cpp/return-c-str-of-std-string,problem,warning,high,reliability correctness
ql\cpp\ql\src\Likely Bugs\Memory Management\ReturnStackAllocatedMemory.ql,security-and-quality,Returning stack-allocated memory,cpp/return-stack-allocated-memory,problem,warning,high,reliability external/cwe/cwe-825
ql\cpp\ql\src\Likely Bugs\OO\IncorrectConstructorDelegation.ql,security-and-quality,Incorrect constructor delegation,cpp/constructor-delegation,problem,warning,high,maintainability readability language-features
ql\cpp\ql\src\Likely Bugs\OO\NonVirtualDestructorInBaseClass.ql,security-and-quality,Non-virtual destructor in base class,cpp/virtual-destructor,problem,warning,high,reliability readability language-features
ql\cpp\ql\src\Likely Bugs\OO\ThrowInDestructor.ql,security-and-quality,Exception thrown in destructor,cpp/throw-in-destructor,problem,warning,very-high,reliability readability language-features
ql\cpp\ql\src\Likely Bugs\ReturnConstType.ql,security-and-quality,Constant return type,cpp/non-member-const-no-effect,problem,warning,very-high,maintainability readability language-features
ql\cpp\ql\src\Likely Bugs\ReturnConstTypeMember.ql,security-and-quality,Constant return type on member,cpp/member-const-no-effect,problem,warning,very-high,maintainability readability language-features
ql\cpp\ql\src\Likely Bugs\Underspecified Functions\ImplicitFunctionDeclaration.ql,security-and-quality,Implicit function declaration,cpp/implicit-function-declaration,problem,warning,high,correctness maintainability
ql\cpp\ql\src\Likely Bugs\Underspecified Functions\TooFewArguments.ql,security-and-quality,Call to function with fewer arguments than declared parameters,cpp/too-few-arguments,problem,error,very-high,correctness maintainability security
ql\cpp\ql\src\Likely Bugs\Underspecified Functions\TooManyArguments.ql,security-and-quality,Call to function with extraneous arguments,cpp/futile-params,problem,warning,very-high,correctness maintainability
ql\cpp\ql\src\Likely Bugs\UseInOwnInitializer.ql,security-and-quality,Variable used in its own initializer,cpp/use-in-own-initializer,problem,warning,high,maintainability correctness
ql\cpp\ql\src\Security\CWE\CWE-079\CgiXss.ql,security-and-quality,CGI script vulnerable to cross-site scripting,cpp/cgi-xss,path-problem,error,high,security external/cwe/cwe-079
ql\cpp\ql\src\Security\CWE\CWE-089\SqlTainted.ql,security-and-quality,Uncontrolled data in SQL query,cpp/sql-injection,path-problem,error,high,security external/cwe/cwe-089
ql\cpp\ql\src\Security\CWE\CWE-120\BadlyBoundedWrite.ql,security-and-quality,Badly bounded write,cpp/badly-bounded-write,problem,error,high,reliability security external/cwe/cwe-120 external/cwe/cwe-787 external/cwe/cwe-805
ql\cpp\ql\src\Security\CWE\CWE-131\NoSpaceForZeroTerminator.ql,security-and-quality,No space for zero terminator,cpp/no-space-for-terminator,problem,error,high,reliability security external/cwe/cwe-131 external/cwe/cwe-120 external/cwe/cwe-122
ql\cpp\ql\src\Security\CWE\CWE-134\UncontrolledFormatString.ql,security-and-quality,Uncontrolled format string,cpp/tainted-format-string,path-problem,warning,high,reliability security external/cwe/cwe-134
ql\cpp\ql\src\Security\CWE\CWE-134\UncontrolledFormatStringThroughGlobalVar.ql,security-and-quality,Uncontrolled format string (through global variable),cpp/tainted-format-string-through-global,path-problem,warning,high,reliability security external/cwe/cwe-134
ql\cpp\ql\src\Security\CWE\CWE-190\ComparisonWithWiderType.ql,security-and-quality,Comparison of narrow type with wide type in loop condition,cpp/comparison-with-wider-type,problem,warning,high,reliability security external/cwe/cwe-190 external/cwe/cwe-197 external/cwe/cwe-835
ql\cpp\ql\src\Security\CWE\CWE-190\TaintedAllocationSize.ql,security-and-quality,Overflow in uncontrolled allocation size,cpp/uncontrolled-allocation-size,path-problem,error,high,reliability security external/cwe/cwe-190
ql\cpp\ql\src\Security\CWE\CWE-253\HResultBooleanConversion.ql,security-and-quality,Cast between HRESULT and a Boolean type,cpp/hresult-boolean-conversion,problem,error,high,security external/cwe/cwe-253 external/microsoft/C6214 external/microsoft/C6215 external/microsoft/C6216 external/microsoft/C6217 external/microsoft/C6230
ql\cpp\ql\src\Security\CWE\CWE-327\OpenSslHeartbleed.ql,security-and-quality,Use of a version of OpenSSL with Heartbleed,cpp/openssl-heartbleed,problem,error,very-high,security external/cwe/cwe-327 external/cwe/cwe-788
ql\cpp\ql\src\Security\CWE\CWE-468\SuspiciousAddWithSizeof.ql,security-and-quality,Suspicious add with sizeof,cpp/suspicious-add-sizeof,problem,warning,high,security external/cwe/cwe-468
ql\cpp\ql\src\Security\CWE\CWE-676\DangerousFunctionOverflow.ql,security-and-quality,Use of dangerous function,cpp/dangerous-function-overflow,problem,error,very-high,reliability security external/cwe/cwe-242
ql\cpp\ql\src\Security\CWE\CWE-676\DangerousUseOfCin.ql,security-and-quality,Dangerous use of 'cin',cpp/dangerous-cin,problem,error,high,reliability security external/cwe/cwe-676
ql\cpp\ql\src\Security\CWE\CWE-676\PotentiallyDangerousFunction.ql,security-and-quality,Use of potentially dangerous function,cpp/potentially-dangerous-function,problem,warning,high,reliability security external/cwe/cwe-676
ql\cpp\ql\src\Security\CWE\CWE-704\WcharCharConversion.ql,security-and-quality,Cast from char* to wchar_t*,cpp/incorrect-string-type-conversion,problem,error,high,security external/cwe/cwe-704 external/microsoft/c/c6276
ql\cpp\ql\src\Security\CWE\CWE-732\UnsafeDaclSecurityDescriptor.ql,security-and-quality,Setting a DACL to NULL in a SECURITY_DESCRIPTOR,cpp/unsafe-dacl-security-descriptor,problem,error,high,security external/cwe/cwe-732 external/microsoft/C6248
ql\cpp\ql\src\Best Practices\Likely Errors\OffsetUseBeforeRangeCheck.ql,security-and-quality,Array offset used before range check,cpp/offset-use-before-range-check,problem,warning,medium,reliability security external/cwe/cwe-120 external/cwe/cwe-125
ql\cpp\ql\src\Critical\OverflowStatic.ql,security-and-quality,Static array access may cause overflow,cpp/static-buffer-overflow,problem,warning,medium,reliability security external/cwe/cwe-119 external/cwe/cwe-131
ql\cpp\ql\src\Critical\SizeCheck.ql,security-and-quality,Not enough memory allocated for pointer type,cpp/allocation-too-small,problem,warning,medium,reliability security external/cwe/cwe-131 external/cwe/cwe-122
ql\cpp\ql\src\Critical\SizeCheck2.ql,security-and-quality,Not enough memory allocated for array of pointer type,cpp/suspicious-allocation-size,problem,warning,medium,reliability security external/cwe/cwe-131 external/cwe/cwe-122
ql\cpp\ql\src\Documentation\UncommentedFunction.ql,security-and-quality,Poorly documented large function,cpp/poorly-documented-function,problem,warning,medium,maintainability documentation statistical non-attributable
ql\cpp\ql\src\jsf\4.17 Types\AV Rule 148.ql,security-and-quality,Use of integer where enum is preferred,cpp/integer-used-for-enum,problem,warning,medium,maintainability readability language-features external/jsf
ql\cpp\ql\src\Likely Bugs\Arithmetic\BadCheckOdd.ql,security-and-quality,Bad check for oddness,cpp/incomplete-parity-check,problem,warning,medium,reliability correctness types
ql\cpp\ql\src\Likely Bugs\Conversion\LossyFunctionResultCast.ql,security-and-quality,Lossy function result cast,cpp/lossy-function-result-cast,problem,warning,medium,correctness
ql\cpp\ql\src\Likely Bugs\InconsistentCallOnResult.ql,security-and-quality,Inconsistent operation on return value,cpp/inconsistent-call-on-result,problem,warning,medium,reliability correctness statistical non-attributable external/cwe/cwe-252
ql\cpp\ql\src\Likely Bugs\InconsistentCheckReturnNull.ql,security-and-quality,Inconsistent nullness check,cpp/inconsistent-null-check,problem,error,medium,reliability correctness statistical non-attributable external/cwe/cwe-476
ql\cpp\ql\src\Likely Bugs\Leap Year\Adding365DaysPerYear.ql,security-and-quality,Arithmetic operation assumes 365 days per year,cpp/leap-year/adding-365-days-per-year,problem,warning,medium,leap-year correctness
ql\cpp\ql\src\Likely Bugs\Leap Year\UncheckedLeapYearAfterYearModification.ql,security-and-quality,Year field changed using an arithmetic operation without checking for leap year,cpp/leap-year/unchecked-after-arithmetic-year-modification,problem,warning,medium,leap-year correctness
ql\cpp\ql\src\Likely Bugs\Leap Year\UncheckedReturnValueForTimeFunctions.ql,security-and-quality,Unchecked return value for time conversion function,cpp/leap-year/unchecked-return-value-for-time-conversion-function,problem,warning,medium,leap-year correctness
ql\cpp\ql\src\Likely Bugs\Likely Typos\IncorrectNotOperatorUsage.ql,security-and-quality,Incorrect 'not' operator usage,cpp/incorrect-not-operator-usage,problem,warning,medium,security external/cwe/cwe-480 external/microsoft/c6317
ql\cpp\ql\src\Likely Bugs\Likely Typos\MissingEnumCaseInSwitch.ql,security-and-quality,Missing enum case in switch,cpp/missing-case-in-switch,problem,warning,medium,reliability correctness external/cwe/cwe-478
ql\cpp\ql\src\Likely Bugs\Memory Management\StackAddressEscapes.ql,security-and-quality,Local variable address stored in non-local memory,cpp/stack-address-escape,problem,warning,medium,reliability
ql\cpp\ql\src\Likely Bugs\Memory Management\StrncpyFlippedArgs.ql,security-and-quality,Possibly wrong buffer size in string copy,cpp/bad-strncpy-size,problem,warning,medium,reliability correctness security external/cwe/cwe-676 external/cwe/cwe-119 external/cwe/cwe-251
ql\cpp\ql\src\Likely Bugs\Memory Management\SuspiciousCallToStrncat.ql,security-and-quality,Potentially unsafe call to strncat,cpp/unsafe-strncat,problem,warning,medium,reliability correctness security external/cwe/cwe-676 external/cwe/cwe-119 external/cwe/cwe-251
ql\cpp\ql\src\Likely Bugs\Memory Management\SuspiciousSizeof.ql,security-and-quality,Suspicious 'sizeof' use,cpp/suspicious-sizeof,problem,warning,medium,reliability correctness security external/cwe/cwe-467
ql\cpp\ql\src\Likely Bugs\Memory Management\UninitializedLocal.ql,security-and-quality,Potentially uninitialized local variable,cpp/uninitialized-local,problem,warning,medium,security external/cwe/cwe-665 external/cwe/cwe-457
ql\cpp\ql\src\Likely Bugs\Memory Management\UnsafeUseOfStrcat.ql,security-and-quality,Potentially unsafe use of strcat,cpp/unsafe-strcat,problem,warning,medium,reliability correctness security external/cwe/cwe-676 external/cwe/cwe-120 external/cwe/cwe-251
ql\cpp\ql\src\Likely Bugs\NestedLoopSameVar.ql,security-and-quality,Nested loops with same variable,cpp/nested-loops-with-same-variable,problem,warning,medium,maintainability correctness
ql\cpp\ql\src\Likely Bugs\Underspecified Functions\MistypedFunctionArguments.ql,security-and-quality,Call to a function with one or more incompatible arguments,cpp/mistyped-function-arguments,problem,warning,medium,correctness maintainability
ql\cpp\ql\src\Security\CWE\CWE-022\TaintedPath.ql,security-and-quality,Uncontrolled data used in path expression,cpp/path-injection,path-problem,warning,medium,security external/cwe/cwe-022 external/cwe/cwe-023 external/cwe/cwe-036 external/cwe/cwe-073
ql\cpp\ql\src\Security\CWE\CWE-114\UncontrolledProcessOperation.ql,security-and-quality,Uncontrolled process operation,cpp/uncontrolled-process-operation,path-problem,warning,medium,security external/cwe/cwe-114
ql\cpp\ql\src\Security\CWE\CWE-120\OverrunWrite.ql,security-and-quality,Potentially overrunning write,cpp/overrunning-write,problem,error,medium,reliability security external/cwe/cwe-120 external/cwe/cwe-787 external/cwe/cwe-805
ql\cpp\ql\src\Security\CWE\CWE-120\OverrunWriteFloat.ql,security-and-quality,Potentially overrunning write with float to string conversion,cpp/overrunning-write-with-float,problem,error,medium,reliability security external/cwe/cwe-120 external/cwe/cwe-787 external/cwe/cwe-805
ql\cpp\ql\src\Security\CWE\CWE-120\UnboundedWrite.ql,security-and-quality,Unbounded write,cpp/unbounded-write,path-problem,error,medium,reliability security external/cwe/cwe-120 external/cwe/cwe-787 external/cwe/cwe-805
ql\cpp\ql\src\Security\CWE\CWE-121\UnterminatedVarargsCall.ql,security-and-quality,Unterminated variadic call,cpp/unterminated-variadic-call,problem,warning,medium,reliability security external/cwe/cwe-121
ql\cpp\ql\src\Security\CWE\CWE-190\ArithmeticUncontrolled.ql,security-and-quality,Uncontrolled data in arithmetic expression,cpp/uncontrolled-arithmetic,path-problem,warning,medium,security external/cwe/cwe-190 external/cwe/cwe-191
ql\cpp\ql\src\Security\CWE\CWE-290\AuthenticationBypass.ql,security-and-quality,Authentication bypass by spoofing,cpp/user-controlled-bypass,path-problem,warning,medium,security external/cwe/cwe-290
ql\cpp\ql\src\Security\CWE\CWE-311\CleartextBufferWrite.ql,security-and-quality,Cleartext storage of sensitive information in buffer,cpp/cleartext-storage-buffer,path-problem,warning,medium,security external/cwe/cwe-312
ql\cpp\ql\src\Security\CWE\CWE-311\CleartextFileWrite.ql,security-and-quality,Cleartext storage of sensitive information in file,cpp/cleartext-storage-file,problem,warning,medium,security external/cwe/cwe-313
ql\cpp\ql\src\Security\CWE\CWE-313\CleartextSqliteDatabase.ql,security-and-quality,Cleartext storage of sensitive information in an SQLite database,cpp/cleartext-storage-database,path-problem,warning,medium,security external/cwe/cwe-313
ql\cpp\ql\src\Security\CWE\CWE-327\BrokenCryptoAlgorithm.ql,security-and-quality,Use of a broken or risky cryptographic algorithm,cpp/weak-cryptographic-algorithm,problem,error,medium,security external/cwe/cwe-327
ql\cpp\ql\src\Security\CWE\CWE-367\TOCTOUFilesystemRace.ql,security-and-quality,Time-of-check time-of-use filesystem race condition,cpp/toctou-race-condition,problem,warning,medium,security external/cwe/cwe-367
ql\cpp\ql\src\Security\CWE\CWE-428\UnsafeCreateProcessCall.ql,security-and-quality,NULL application name with an unquoted path in call to CreateProcess,cpp/unsafe-create-process-call,problem,error,medium,security external/cwe/cwe-428 external/microsoft/C6277
ql\cpp\ql\src\Security\CWE\CWE-468\IncorrectPointerScaling.ql,security-and-quality,Suspicious pointer scaling,cpp/suspicious-pointer-scaling,problem,warning,medium,security external/cwe/cwe-468
ql\cpp\ql\src\Security\CWE\CWE-468\IncorrectPointerScalingVoid.ql,security-and-quality,Suspicious pointer scaling to void,cpp/suspicious-pointer-scaling-void,problem,warning,medium,security external/cwe/cwe-468
ql\cpp\ql\src\Security\CWE\CWE-732\DoNotCreateWorldWritable.ql,security-and-quality,File created without restricting permissions,cpp/world-writable-file-creation,problem,warning,medium,security external/cwe/cwe-732
ql\cpp\ql\src\Security\CWE\CWE-807\TaintedCondition.ql,security-and-quality,Untrusted input for a condition,cpp/tainted-permissions-check,path-problem,warning,medium,security external/cwe/cwe-807
ql\cpp\ql\src\Critical\NewFreeMismatch.ql,security-extended,Mismatching new/free or malloc/delete,cpp/new-free-mismatch,problem,warning,high,reliability security external/cwe/cwe-401
ql\cpp\ql\src\Likely Bugs\Arithmetic\BadAdditionOverflowCheck.ql,security-extended,Bad check for overflow of integer addition,cpp/bad-addition-overflow-check,problem,error,very-high,reliability correctness security external/cwe/cwe-190 external/cwe/cwe-192
ql\cpp\ql\src\Likely Bugs\Arithmetic\IntMultToLong.ql,security-extended,Multiplication result converted to larger type,cpp/integer-multiplication-cast-to-long,problem,warning,high,reliability security correctness types external/cwe/cwe-190 external/cwe/cwe-192 external/cwe/cwe-197 external/cwe/cwe-681
ql\cpp\ql\src\Likely Bugs\Arithmetic\SignedOverflowCheck.ql,security-extended,Signed overflow check,cpp/signed-overflow-check,problem,warning,high,correctness security
ql\cpp\ql\src\Likely Bugs\Conversion\CastArrayPointerArithmetic.ql,security-extended,Upcast array used in pointer arithmetic,cpp/upcast-array-pointer-arithmetic,path-problem,warning,high,correctness reliability security external/cwe/cwe-119 external/cwe/cwe-843
ql\cpp\ql\src\Likely Bugs\Format\NonConstantFormat.ql,security-extended,Non-constant format string,cpp/non-constant-format,problem,recommendation,high,maintainability correctness security external/cwe/cwe-134
ql\cpp\ql\src\Likely Bugs\Format\SnprintfOverflow.ql,security-extended,Potentially overflowing call to snprintf,cpp/overflowing-snprintf,problem,warning,high,reliability correctness security
ql\cpp\ql\src\Likely Bugs\Format\WrongNumberOfFormatArguments.ql,security-extended,Too few arguments to formatting function,cpp/wrong-number-format-arguments,problem,error,high,reliability correctness security external/cwe/cwe-685
ql\cpp\ql\src\Likely Bugs\Format\WrongTypeFormatArguments.ql,security-extended,Wrong type of arguments to formatting function,cpp/wrong-type-format-argument,problem,error,high,reliability correctness security external/cwe/cwe-686
ql\cpp\ql\src\Likely Bugs\Memory Management\AllocaInLoop.ql,security-extended,Call to alloca in a loop,cpp/alloca-in-loop,problem,warning,high,reliability correctness security external/cwe/cwe-770
ql\cpp\ql\src\Likely Bugs\Memory Management\PointerOverflow.ql,security-extended,Pointer overflow check,cpp/pointer-overflow-check,problem,error,high,reliability security
ql\cpp\ql\src\Likely Bugs\Underspecified Functions\TooFewArguments.ql,security-extended,Call to function with fewer arguments than declared parameters,cpp/too-few-arguments,problem,error,very-high,correctness maintainability security
ql\cpp\ql\src\Security\CWE\CWE-079\CgiXss.ql,security-extended,CGI script vulnerable to cross-site scripting,cpp/cgi-xss,path-problem,error,high,security external/cwe/cwe-079
ql\cpp\ql\src\Security\CWE\CWE-089\SqlTainted.ql,security-extended,Uncontrolled data in SQL query,cpp/sql-injection,path-problem,error,high,security external/cwe/cwe-089
ql\cpp\ql\src\Security\CWE\CWE-120\BadlyBoundedWrite.ql,security-extended,Badly bounded write,cpp/badly-bounded-write,problem,error,high,reliability security external/cwe/cwe-120 external/cwe/cwe-787 external/cwe/cwe-805
ql\cpp\ql\src\Security\CWE\CWE-131\NoSpaceForZeroTerminator.ql,security-extended,No space for zero terminator,cpp/no-space-for-terminator,problem,error,high,reliability security external/cwe/cwe-131 external/cwe/cwe-120 external/cwe/cwe-122
ql\cpp\ql\src\Security\CWE\CWE-134\UncontrolledFormatString.ql,security-extended,Uncontrolled format string,cpp/tainted-format-string,path-problem,warning,high,reliability security external/cwe/cwe-134
ql\cpp\ql\src\Security\CWE\CWE-134\UncontrolledFormatStringThroughGlobalVar.ql,security-extended,Uncontrolled format string (through global variable),cpp/tainted-format-string-through-global,path-problem,warning,high,reliability security external/cwe/cwe-134
ql\cpp\ql\src\Security\CWE\CWE-190\ComparisonWithWiderType.ql,security-extended,Comparison of narrow type with wide type in loop condition,cpp/comparison-with-wider-type,problem,warning,high,reliability security external/cwe/cwe-190 external/cwe/cwe-197 external/cwe/cwe-835
ql\cpp\ql\src\Security\CWE\CWE-190\TaintedAllocationSize.ql,security-extended,Overflow in uncontrolled allocation size,cpp/uncontrolled-allocation-size,path-problem,error,high,reliability security external/cwe/cwe-190
ql\cpp\ql\src\Security\CWE\CWE-253\HResultBooleanConversion.ql,security-extended,Cast between HRESULT and a Boolean type,cpp/hresult-boolean-conversion,problem,error,high,security external/cwe/cwe-253 external/microsoft/C6214 external/microsoft/C6215 external/microsoft/C6216 external/microsoft/C6217 external/microsoft/C6230
ql\cpp\ql\src\Security\CWE\CWE-327\OpenSslHeartbleed.ql,security-extended,Use of a version of OpenSSL with Heartbleed,cpp/openssl-heartbleed,problem,error,very-high,security external/cwe/cwe-327 external/cwe/cwe-788
ql\cpp\ql\src\Security\CWE\CWE-468\SuspiciousAddWithSizeof.ql,security-extended,Suspicious add with sizeof,cpp/suspicious-add-sizeof,problem,warning,high,security external/cwe/cwe-468
ql\cpp\ql\src\Security\CWE\CWE-676\DangerousFunctionOverflow.ql,security-extended,Use of dangerous function,cpp/dangerous-function-overflow,problem,error,very-high,reliability security external/cwe/cwe-242
ql\cpp\ql\src\Security\CWE\CWE-676\DangerousUseOfCin.ql,security-extended,Dangerous use of 'cin',cpp/dangerous-cin,problem,error,high,reliability security external/cwe/cwe-676
ql\cpp\ql\src\Security\CWE\CWE-676\PotentiallyDangerousFunction.ql,security-extended,Use of potentially dangerous function,cpp/potentially-dangerous-function,problem,warning,high,reliability security external/cwe/cwe-676
ql\cpp\ql\src\Security\CWE\CWE-704\WcharCharConversion.ql,security-extended,Cast from char* to wchar_t*,cpp/incorrect-string-type-conversion,problem,error,high,security external/cwe/cwe-704 external/microsoft/c/c6276
ql\cpp\ql\src\Security\CWE\CWE-732\UnsafeDaclSecurityDescriptor.ql,security-extended,Setting a DACL to NULL in a SECURITY_DESCRIPTOR,cpp/unsafe-dacl-security-descriptor,problem,error,high,security external/cwe/cwe-732 external/microsoft/C6248
